"X";"Nazwa";"Cena.sprzeda¿y";"Jednostka.miary";"Koszt.jednostkowy.sprzeda¿y"
"1";1;"Cement  II B-V 32,5 R";"8,94";"szt";"7,37"
"2";2;"Zaprawa tynkarska 25 kg";"6,5";"szt";"4,98"
"3";3;"MP75 Lekki 30 kg";"17";"szt";"13,83"
"4";4;"Atlas Gipsar 5 kg";"9,4";"szt";"7,87"
"5";5;"Klej do glazury iterak. mrozo. 25 kg";"13,9";"szt";"8,9"
"6";6;"P³yta GKBI  12,5/2,6";"7,6";"m2";"6,32"
"7";7;"Styropian Fasada";"117,9";"m3";"104,33"
"8";8;"Tarcza do metalu 125x10";"3";"szt";"1,52"
"9";9;"Wkrêt do gipsu 35x35 C";"13";"kg";"7,34"
"10";10;"Beton komórkowy 12x24x59";"4,5";"szt";"3,08"
"11";11;"Klej do glazury iterak. mrozo. 25 kg";"16";"szt";"8,9"
"12";12;"Rymid Brzeszczot do metal/drewno 72 szt";"65";"opk.";"30"
"13";13;"Œn Urekor S farba podk³.czerw. 1l";"19,5";"szt";"13,13"
"14";14;"Folia dachowa STROTEX 110";"1,3";"m2";"0,98"
"15";15;"CD  60/4M Profil G³ówny";"6,91";"szt";"5"
"16";16;"CD 60/3 m Profil g³ówny";"5,2";"szt";"3,72"
"17";17;"UD 27/3 Profil Przyœcienny";"3,09";"szt";"2,4"
"18";18;"Wieszak do poddaszy 270";"0,65";"szt";"0,37"
"19";19;"Taœma dwustronna 50/25m";"8,13";"szt";"5,49"
"20";20;"Wkrêt hart. 5x50";"8,13";"100 szt";"5,24"
"21";21;"Wkrêt TEX 3,9x9,5 czarne ( 1000 szt )";"2,03";"100 szt";"1,28"
"22";22;"P³yta GKBI  12,5/2,6";"7,56";"m2";"6,33"
"23";23;"Teg. Koñcówka Ph/2x25mm/25 szt";"52,85";"op.";"27"
"24";24;"Rymid Bity PZ-2 Stanley 25szt";"52,85";"kpl";"27,88"
"25";25;"Atlas Gipsar 5 kg";"10,98";"szt";"7,87"
"26";26;"Taœma mal. ¿ó³ta 30mm/50m";"3,25";"szt";"1,76"
"27";27;"Taœma mal.Strong 48mm x 50m ¿ó³ta";"4,88";"szt";"2,85"
"28";28;"Akryl";"5,28";"szt";"3,86"
"29";29;"Rozp. Ekstrakcyjny 0,5l";"4,47";"szt";"2,99"
"30";30;"KM Pêdzel p³aski 70";"9,76";"szt";"6,82"
"31";31;"Wa³ek malarski-poliakryl";"5,69";"szt";"4,32"
"32";32;"KM Wa³ek 18 Gepard";"8,94";"szt";"5,82"
"33";33;"P³yta GKBI  12,5/2,6";"7,8";"m2";"6,33"
"34";34;"Wieszak p³aski 60/175";"121,95";"100 szt";"50,33"
"35";35;"Kliny mini";"1,87";"kpl";"0,8"
"36";36;"Rymid Siekierka 1600 G";"53,66";"szt";"41,33"
"37";37;"Zaprawa posadzkowa 25 kg";"8,15";"szt";"4,9"
"38";38;"Farba elewacyjna";"7,35";"L";"5,43"
"39";39;"Pigment CX";"65";"L";"26"
"40";40;"Pigment OX";"65";"L";"25,98"
"41";41;"MP75 Lekki 30 kg";"21,14";"szt";"13,83"
"42";42;"Atlas Gipsar 5 kg";"10,98";"szt";"7,87"
"43";43;"Styropian Fasada";"109,76";"m3";"104,33"
"44";44;"ko³ek SMK 6x40 K";"16,26";"100 szt";"4,3"
"45";45;"MP75 Lekki 30 kg";"19,51";"szt";"13,83"
"46";46;"Midas Listwa Borck 29mm ALU d³1,8 1-12103-03-180";"13,01";"szt";"8,7"
"47";47;"Midas K¹townik Borck 34x20 ALU 03 d³0,9m 1-12106-03-090";"10,57";"szt";"6,88"
"48";48;"We³na mineralna Schwenk 039/100 mm";"7,24";"m2";"5,77"
"49";49;"We³na Schwenk 039 gr.150";"10,16";"m2";"8,57"
"50";50;"Wkrêt do gipsu 35x25 S";"12,2";"kg";"7,22"
"51";51;"Styropian Fasada";"117,9";"m3";"104,33"
"52";52;"Wkrêt do p³yt gips.3,5x55D";"15,44";"kg";"7,46"
"53";53;"Wkrêt do p³yt gips.4,2x70 D";"15,44";"kg";"7,35"
"54";54;"Collage Impregnat do drewna 2,5l";"26";"szt";"19"
"55";55;"Pêdzel angielski olej 50";"6,9";"szt";"4,56"
"56";56;"Uniflot 5kg";"23,5";"szt";"19,3"
"57";57;"Taœma uniwersalna 50x10m";"3,65";"szt";"2,45"
"58";58;"Rêkawicze ogrodnicze-wampirki";"1";"para";"0,68"
"59";59;"Taœma teflonowa 0,25x19x15";"4";"szt";"2,88"
"60";60;"Taœma teflonowa";"0,8";"szt";"0,45"
"61";61;"P³ótno œcierne -arkusz";"2";"szt";"0,92"
"62";62;"Nó¿ gumowany bl.skre. 18 mm";"4,8";"szt";"3,34"
"63";63;"Wieszak p³aski 60/150";"97,56";"100 szt";"44,33"
"64";64;"Wieszak p³aski 60/175";"130,08";"100 szt";"51,31"
"65";65;"Cement  II B-V 32,5 R";"8,94";"szt";"7,37"
"66";66;"taœma akustyczna 50/30m";"24,39";"szt";"16,36"
"67";67;"CD 60/3 m Profil g³ówny";"6,5";"szt";"3,72"
"68";68;"UD 27/3 Profil Przyœcienny";"4,88";"szt";"2,4"
"69";69;"Uniflot 5kg";"25,2";"szt";"19,3"
"70";70;"Grunt 5l";"16,2";"szt";"5,01"
"71";71;"Klej do glazury iterak. mrozo. 25 kg";"17,8";"szt";"8,9"
"72";72;"Cement  II B-V 32,5 R";"9,35";"szt";"7,37"
"73";73;"Cement  II B-V 32,5 R";"8,5";"szt";"7,37"
"74";74;"Tarcza diamentowa seg.Premium 230mm";"52";"szt";"37,01"
"75";75;"Klej do siatki 25 kg";"15";"szt";"10,8"
"76";76;"Drut wi¹za³kowy ¿arowy 1,2 Odwrotne Obci¹¿enie";"6,4";"kg";"4,31"
"77";77;"Siatka z w³ókna szklanego";"1,6";"m2";"1,22"
"78";78;"Styropian Dach/pod³oga";"137";"m3";"119,63"
"79";79;"£¹cznik ti 10x160";"18";"100 szt";"11,99"
"80";80;"Siatka z w³ szklanego 155 /50m rolka";"140";"szt";"98,5"
"81";81;"£¹cznik ti 10x200";"27";"100 szt";"18,91"
"82";82;"Naro¿nik PCV z siatk¹ 3m";"3";"szt";"1,82"
"83";83;"Wk³ad Moltropren 11 cm";"1,4";"szt";"0,39"
"84";84;"KM Zapas 7 Velur";"1,1";"szt";"0,72"
"85";85;"KM Zapas 10 Syntex";"1,4";"szt";"0,78"
"86";86;"KM Zapas 18 Gepard";"5,3";"szt";"3,41"
"87";87;"Trzony do ³opat i szpadli 90 cm";"5,3";"szt";"3,74"
"88";88;"Kilof";"28";"szt";"20,9"
"89";89;"G³adz Szpachlowa FR extra 20 kg";"26";"szt";"19,89"
"90";90;"Grunt 5l";"13";"szt";"5,01"
"91";91;"Grunt Royal 5L";"24,4";"szt";"12,14"
"92";92;"Wiert³o kobaltowe 8mm";"20,3";"szt";"14,37"
"93";93;"Wiert³o kobaltowe 5mm";"9";"szt";"6,68"
"94";94;"Wiert³o kobaltowe 10mm";"31,7";"szt";"24,49"
"95";95;"klej do siatki Platinum 25 kg";"16";"szt";"13,5"
"96";96;"ko³ek SMK 6x40 K";"12,2";"100 szt";"4,34"
"97";97;"Ko³ek SMK 6x60 K";"16,26";"100 szt";"5,9"
"98";98;"Wkrêt TEX 3,9x9,5 czarne ( 1000 szt )";"2,03";"100 szt";"1,29"
"99";99;"Wkrêt do gipsu 35x25 S";"13";"kg";"7,22"
"100";100;"Wieszak p³aski 60/75";"40,65";"100 szt";"12,14"
"101";101;"P³yta GKBI  12,5/2,6";"7,3";"m2";"6,33"
"102";102;"UD 27/3 Profil Przyœcienny";"4,27";"szt";"2,4"
"103";103;"CD 60/3 m Profil g³ówny";"5,48";"szt";"3,72"
"104";104;"GHB Klej Gipsowy KMK A 20";"15,45";"szt";"10,27"
"105";105;"Rêkawicze ogrodnicze-wampirki";"1";"para";"0,68"
"106";106;"Szk³o wodne 0,5l";"3,25";"szt";"2,23"
"107";107;"Collage Czyœcik uniwersalny 500 ml";"15,2";"szt";"12,55"
"108";108;"Pianka wê¿. Niskoprê¿na 750 ml";"13,5";"szt";"10,62"
"109";109;"Uniflot 25 kg";"110";"szt";"92,49"
"110";110;"Uniflot 5kg";"22";"szt";"19,3"
"111";111;"MP75 Lekki 30 kg";"16,6";"szt";"13,83"
"112";112;"Grunt koncentrat 5 l";"44";"szt";"36,1"
"113";113;"Goldbant 30 kg";"31";"szt";"25,47"
"114";114;"G¹bka œcierna 120";"1,8";"szt";"1,17"
"115";115;"P³ótno œcierne -arkusz";"1,4";"szt";"0,92"
"116";116;"Taœma zw³ókna szk. fliselina 5cmx25m";"2,6";"szt";"2,1"
"117";117;"We³na mineralna 042 Schwenk 50 mata";"3,3";"m2";"2,68"
"118";118;"Pianka Pistoletowa niskoprê¿na 750 ml";"17,9";"szt";"10,3"
"119";119;"Wkrêt Farmerski 4,8x3,5";"20";"100 szt";"7,74"
"120";120;"Met. Hak do rynny czo³owy";"5,6";"szt";"3,53"
"121";121;"Wkrêt do gipsu 35x35 C";"15,45";"kg";"7,33"
"122";122;"Klej do siatki 25 kg";"16";"szt";"10,8"
"123";123;"Met.Rura oc.#120";"13";"mb";"8,97"
"124";124;"Met. Kolano oc.#120";"13";"szt";"9,35"
"125";125;"Naro¿nik aluminiowy z siatka 3,0 m x 14,3 cm";"3,65";"szt";"1,6"
"126";126;"P³ótno œcierne -arkusz";"2";"szt";"0,92"
"127";127;"Silikon uniwersalny 310ml";"9";"szt";"6,77"
"128";128;"MP75 Lekki 30 kg";"16";"szt";"13,83"
"129";129;"Wapno 25 kg";"12";"szt";"9,84"
"130";130;"Z³¹cze PP 9/60x240/plytka perfor/25";"200";"100 szt";"125,75"
"131";131;"MP75 Lekki 30 kg";"17";"szt";"13,83"
"132";132;"Uniflot 5kg";"21,9";"szt";"19,3"
"133";133;"Akryl";"5,28";"szt";"3,87"
"134";134;"Taœma mal.Strong 48mm x 50m ¿ó³ta";"4,88";"szt";"2,85"
"135";135;"Farba œnie¿ka eko 3 l";"21,14";"szt";"16,07"
"136";136;"Œn Na Dach Grafit 0,75l";"30,08";"szt";"23,01"
"137";137;"Farba Œnie¿ka Eko wew. 5l";"33,33";"szt";"25,52"
"138";138;"Tarcza do metalu 125x10";"3,25";"szt";"1,64"
"139";139;"Pianka wê¿. Niskoprê¿na 750 ml";"15,45";"szt";"10,62"
"140";140;"Klej do siatki 25 kg";"15,85";"szt";"10,8"
"141";141;"Siatka z w³ókna szklanego";"2";"m2";"1,22"
"142";142;"Naro¿nik PCV z siatk¹ 3m";"3,25";"szt";"1,82"
"143";143;"Folia 7 kg hyrozolacja";"100";"szt";"75,84"
"144";144;"Taœma uszcz. podw. powlekana";"8";"mb";"5,9"
"145";145;"KM Zapas 15 Elitakolor";"1,6";"szt";"0,79"
"146";146;"Pigment HX";"150";"L";"100"
"147";147;"Atlas Zaprawa klejowa Plus 25kg";"47";"szt";"38,95"
"148";148;"Taœma mal. ¿ó³ta 30mm/50m";"3,25";"szt";"1,76"
"149";149;"Taœma mal.STRONG UV 38mm/50mm";"11,4";"szt";"8,21"
"150";150;"Cement  II B-V 32,5 R";"8,4";"szt";"7,37"
"151";151;"P³yta GKB  12,5/2,6";"4,4";"m2";"3,79"
"152";152;"Zaprawa posadzkowa 25 kg";"8,13";"szt";"4,9"
"153";153;"Atlas zaprawa gruntuj¹ca 5kg";"24,39";"szt";"22,15"
"154";154;"Pêdzel tapetowy 140";"12";"szt";"5,78"
"155";155;"O³ówek murarski 300 mm";"4";"szt";"2,62"
"156";156;"Klej do glazury iterak. mrozo. 25 kg";"13";"szt";"8,9"
"157";157;"Grunt Royal 5L";"20";"szt";"12,14"
"158";158;"MP75 Lekki 30 kg";"17";"szt";"13,83"
"159";159;"Farba Œnie¿ka Ultra 10 l";"32";"szt";"27,09"
"160";160;"Naro¿nik st. do Mokr. Tynk 234/2,5 Odwrotne Obci¹¿enie";"2";"szt";"1,07"
"161";161;"O³ówek ciesielski 300 mm";"4";"szt";"2,76"
"162";162;"G³adz Szpachlowa FR extra 20 kg";"24";"szt";"19,89"
"163";163;"Tarcza diament.turbo Premium 115mm";"14";"szt";"11"
"164";164;"Silikon sanitarny kolor";"17";"szt";"14,86"
"165";165;"AT.Fuga be¿owa 5 kg/020/ folia";"24";"szt";"20,04"
"166";166;"Kr.W zamyk. skoœ. z siatk¹ œr.100 BI  46";"9";"szt";"7,23"
"167";167;"Rozp. Ekstrakcyjny 0,5l";"4,2";"szt";"2,99"
"168";168;"Teg. Szpachla nierdz. fasadowa 480mm/PERFECT";"25";"szt";"19,6"
"169";169;"Wyciskacz do mas silik. profi";"15";"szt";"11,77"
"170";170;"KM Zapas 18 Elitakolor";"5";"szt";"3,65"
"171";171;"Teg. Ostrze ³amane 18mm/PERFEKT";"3,5";"kpl";"2,47"
"172";172;"Taœma mal. ¿ó³ta 30mm/50m";"3";"szt";"1,76"
"173";173;"Rekawice Dragon";"4";"para";"2,26"
"174";174;"Tarcza metal p³aska 230x2";"5";"szt";"3,2"
"175";175;"Okulary przeciwodpryskowe";"5,5";"szt";"4,05"
"176";176;"Ko³ek SM-8x80";"22";"100 szt";"11,05"
"177";177;"Gwo¿dzie budowlane 3,5x90";"4,5";"kg";"3,49"
"178";178;"Folia Typ 200";"0,6";"m2";"0,36"
"179";179;"Tarcza do metalu 125x10";"3";"szt";"1,64"
"180";180;"Rozpuszczalnik uniwersalny 0,5 l";"3,65";"szt";"2,09"
"181";181;"Papa V80 S42 wierzchniego krycia";"8,67";"m2";"5,86"
"182";182;"Zaprawa tynkarska 25 kg";"7,32";"szt";"4,92"
"183";183;"Zaprawa posadzkowa 25 kg";"8,13";"szt";"4,9"
"184";184;"Klej do glazury iterak. mrozo. 25 kg";"16,26";"szt";"8,9"
"185";185;"Grunt 5l";"16,26";"szt";"5,01"
"186";186;"W6/2,5 m listwa tykarska";"2,44";"szt";"0,88"
"187";187;"Cement  II B-V 32,5 R";"9,35";"szt";"7,37"
"188";188;"Gips budowlany 2 kg";"2,35";"szt";"1,58"
"189";189;"Gips szpachlowy 2 kg";"3,15";"szt";"2,69"
"190";190;"MP75 Lekki 30 kg";"17";"szt";"13,81"
"191";191;"Atlas Gipsar 5 kg";"9,4";"szt";"7,87"
"192";192;"Atlas Gipsar 10 kg";"15,5";"szt";"12,85"
"193";193;"Atlas Gipsar uni 20 kg";"22";"szt";"18,71"
"194";194;"Rotbant 10kg";"17,7";"szt";"14,8"
"195";195;"Goldbant 10 kg";"15,8";"szt";"13,66"
"196";196;"Cement  II B-V 32,5 R";"9";"szt";"7,37"
"197";197;"Gips budowlany 2 kg";"2";"szt";"1,53"
"198";198;"Gwo¿dzie budowlane 3x80";"4,5";"kg";"3,5"
"199";199;"ko³ek SMK 6x40 K";"10";"100 szt";"4,35"
"200";200;"Cement  II B-V 32,5 R";"8,9";"szt";"7,37"
"201";201;"MP75 Lekki 30 kg";"17";"szt";"13,81"
"202";202;"MP75 Lekki 30 kg";"19,51";"szt";"13,81"
"203";203;"Atlas Sam 100 25 kg";"31,71";"szt";"24,21"
"204";204;"Farba Œnie¿ka Eko wew. 5l";"34,15";"szt";"25,52"
"205";205;"KM Wa³ek 18 Elitakolor";"8,94";"szt";"6,36"
"206";206;"Sewera Kratka mal.26x24cm";"2,44";"szt";"0,84"
"207";207;"Atlas Gipsar uni 20 kg";"23,58";"szt";"18,71"
"208";208;"Taœma mal.Strong 38mm x 50m ¿ó³ta";"4,07";"szt";"2,2"
"209";209;"Pêdzel tapetowy 140";"10,5";"szt";"5,78"
"210";210;"Grunt 5l";"16,2";"szt";"5,01"
"211";211;"Pêdzel angielski olej 40";"6,1";"szt";"4,08"
"212";212;"Cement  II B-V 32,5 R";"8,5";"szt";"7,37"
"213";213;"Drzwi Oœcie¿nica DRE 12-14";"198,88";"szt";"180,8"
"214";214;"Drzwi Skrzyd³o Bulaj TOP 10";"540,32";"szt";"491,2"
"215";215;"Blacha ocynkowana Odwrotne Obci¹¿enie";"41";"szt";"27,31"
"216";216;"Ko³ek SMK 6x60 K";"16,2";"100 szt";"5,9"
"217";217;"Styropian Dach/pod³oga";"145";"m3";"119,63"
"218";218;"Cement  II B-V 32,5 R";"8,9";"szt";"7,37"
"219";219;"MP75 Lekki 30 kg";"17";"szt";"13,81"
"220";220;"Gips budowlany 2 kg";"2";"szt";"1,46"
"221";221;"Rozpuszczalnik uniwersalny 0,5 l";"2,4";"szt";"2,05"
"222";222;"Siatka z w³ókna szklanego";"1,45";"m2";"1,22"
"223";223;"Atlas zaprawa gruntuj¹ca 5kg";"24";"szt";"22,09"
"224";224;"Folia Typ 200";"0,5";"m2";"0,36"
"225";225;"Sznurek rolniczy";"7,5";"Rolka";"6,38"
"226";226;"Paca plasikowa g³adka";"3";"szt";"2,29"
"227";227;"Paca plastikowa 130x270 z g¹bk¹ gêst¹";"4,5";"szt";"3,5"
"228";228;"Paca styropianowa 18x32 cm";"3,5";"szt";"2,84"
"229";229;"Paca ze stali nierdzewnej g³adka";"7";"szt";"4,79"
"230";230;"Teg. Poziomica PERFECT/100cm";"34";"szt";"29,7"
"231";231;"ko³ek SMK 6x40 K";"6";"100 szt";"4,36"
"232";232;"O³ówek murarski 300 mm";"3";"szt";"2,62"
"233";233;"O³ówek ciesielski 300 mm";"3";"szt";"2,76"
"234";234;"Pianka pistoletowa zimowa";"13";"szt";"11"
"235";235;"Akryl";"4,5";"szt";"3,87"
"236";236;"Teg. Szpachla mal.nier./80mm/STALCO";"6";"szt";"4,72"
"237";237;"Teg. Poziomica PERFECT/150cm";"50";"szt";"44,24"
"238";238;"Mieszad³o 80mm do kleju C1";"7,5";"szt";"6,37"
"239";239;"Silikon uniwersalny 310ml";"7,7";"szt";"6,77"
"240";240;"Klej do styropianu 25 kg";"10";"szt";"8,8"
"241";241;"klej do siatki Platinum 25 kg";"15";"szt";"13,5"
"242";242;"KM Kuweta malarska 12x19";"1";"szt";"0,47"
"243";243;"KM Pêdzel kaloryf. 75 master 3\"";"10";"szt";"8,51"
"244";244;"KM Pêdzel p³aski 70";"8,5";"szt";"6,82"
"245";245;"KM Wa³ek 25 Elitakolor";"9";"szt";"7,78"
"246";246;"Farba œnie¿ka 1l bia³a emul.";"6,3";"szt";"5,63"
"247";247;"Farba Œnie¿ka Eko wew. 10l";"55";"szt";"46,07"
"248";248;"Folia malarska EX gruba4x5";"2,2";"szt";"1,98"
"249";249;"Fugownica 200mm";"1,8";"szt";"1,4"
"250";250;"Kastra okr¹g³a 90l";"20";"szt";"17"
"251";251;"Pistolet Profesjonalny";"35";"szt";"31,27"
"252";252;"P³ótno XL gr.120 (arkusz)";"1,3";"szt";"0,92"
"253";253;"Œnie¿ka  na zacieki 1l";"27";"szt";"21,57"
"254";254;"Siatka cieto-ci¹gniona z blachy";"4,47";"m2";"3,2"
"255";255;"MP75 Lekki 30 kg";"17";"szt";"13,81"
"256";256;"Atlas Gipsar 5 kg";"9,4";"szt";"7,87"
"257";257;"Zaprawa murarska 25 kg";"6,5";"szt";"4,79"
"258";258;"Goldbant 10 kg";"15,8";"szt";"13,2"
"259";259;"Rotbant 10kg";"17,8";"szt";"14,8"
"260";260;"Zaprawa murarska 25 kg";"6,5";"szt";"4,79"
"261";261;"Naro¿nik al z siatk¹  14,3 -2,5 m";"2,4";"szt.";"1,33"
"262";262;"Rekawice Dragon";"4";"para";"2,51"
"263";263;"Tarcza metal p³aska 230x2";"4,2";"szt";"3,2"
"264";264;"Tarcza do metalu 125x10";"3";"szt";"1,64"
"265";265;"Dyka Rura kan. PP 50  1000mm";"4,6";"szt";"3,06"
"266";266;"Dyka Rura kan. PP 50  2000mm";"7";"szt";"5,53"
"267";267;"Dyka Rura kan. PP 50  500 mm";"2,5";"szt";"1,83"
"268";268;"Dyka Trójnik PP 50x50/45";"3,1";"szt";"2,02"
"269";269;"Dyka Kolano PP 50/45";"2,2";"szt";"1,24"
"270";270;"Dyka Kolano PP 50/15";"2";"szt";"1,21"
"271";271;"Dyka Kolano PP 50/87";"2,2";"szt";"1,47"
"272";272;"Dyka Kolano PP 50/67";"2,2";"szt";"1,48"
"273";273;"Dyka Kolano PP 50/30";"2";"szt";"1,12"
"274";274;"Cement  II B-V 32,5 R";"8,8";"szt";"7,37"
"275";275;"Styropian Dach/pod³oga";"140";"m3";"119,63"
"276";276;"Klej do styropianu 25 kg";"11,8";"szt";"8,8"
"277";277;"Grunt 5l";"10";"szt";"5,01"
"278";278;"Siatka z w³ókna szklanego";"1,6";"m2";"1,22"
"279";279;"Dyka Kolano PP 50/87";"2,2";"szt";"1,47"
"280";280;"Tarcza diament. pe³na 125 mm";"8,5";"szt";"6,61"
"281";281;"£¹cznik ti 10x160";"18";"100 szt";"11,99"
"282";282;"£¹cznik do okien 10x112";"45";"100 szt";"31,25"
"283";283;"Klej do siatki 25 kg";"14";"szt";"10,8"
"284";284;"MP75 Lekki 30 kg";"16";"szt";"13,81"
"285";285;"Tarcza do metalu 125x2,5";"2";"szt";"1,19"
"286";286;"Styropian Fasada";"115";"m3";"103,43"
"287";287;"Nida tynk cem-wap lekki wew. 30 kg";"13,7";"szt";"11,37"
"288";288;"Pret gwin. ocyn. M8x1000";"2";"szt";"1,53"
"289";289;"Pianka Pistoletowa niskoprê¿na 750 ml";"14";"szt";"10,3"
"290";290;"Naro¿nik aluminiowy z siatka 3,0 m x 14,3 cm";"3";"szt";"1,6"
"291";291;"Rêkawicze ogrodnicze-wampirki";"1";"para";"0,68"
"292";292;"Pianka Mini 300 ml";"10";"szt";"7,73"
"293";293;"Zaprawa posadzkowa 25 kg";"8";"szt";"4,9"
"294";294;"MP75 Lekki 30 kg";"19";"szt";"13,81"
"295";295;"Klej do glazury iterak. mrozo. 25 kg";"16";"szt";"8,9"
"296";296;"Gips szpachlowy 15 kg";"15";"szt";"12,69"
"297";297;"Pianka Pistoletowa niskoprê¿na 750 ml";"16";"szt";"10,3"
"298";298;"O³ówek ciesielski /176mm/";"2,8";"szt";"1,81"
"299";299;"Plastyfikator do zapraw";"1";"szt";"0,49"
"300";300;"Zaprawa tynkarska 25 kg";"7";"szt";"4,92"
"301";301;"Grunt 5l";"15";"szt";"5,01"
"302";302;"P³yta Spano 18mm 2500x1250";"55,28";"szt";"44,73"
"303";303;"Wkrêt do gipsu 35x45 C";"13,01";"kg";"7,23"
"304";304;"Pianka Pistoletowa niskoprê¿na 750 ml";"15,45";"szt";"10,3"
"305";305;"Collage Czyœcik uniwersalny 500 ml";"16,26";"szt";"12,58"
"306";306;"Rekawice Dragon";"4,07";"para";"2,51"
"307";307;"Kontr³ata impregnowana";"1,42";"szt";"1"
"308";308;"P³yta Spano 22mm 2500x1250";"68,29";"szt";"54,66"
"309";309;"Collage Œrodek grzybobójczy 1l";"18,52";"szt";"6,54"
"310";310;"Krzy¿yki dynstansowe";"1,6";"opk.";"0,75"
"311";311;"Kliny maxi";"1,9";"kpl";"0,81"
"312";312;"Naro¿nik Aluminiowy Perf . 25x25x2,5";"2,4";"szt.";"0,84"
"313";313;"Pó³naro¿nik AL 23x13x0,40 d³2,5m";"2,85";"szt";"0,97"
"314";314;"P³ótno œcierne -arkusz";"2";"szt";"0,92"
"315";315;"Goldbant 30 kg";"34,95";"szt";"25,47"
"316";316;"Taœma mal.STRONG UV 38mm/50mm";"11,8";"szt";"8,21"
"317";317;"Folia malarska EX gruba4x5";"5";"szt";"1,98"
"318";318;"Taœma mal.Strong 48mm x 50m ¿ó³ta";"5,2";"szt";"2,8"
"319";319;"Taœma mal.Strong 38mm x 50m ¿ó³ta";"4,45";"szt";"2,18"
"320";320;"Taœma malarska dolphin blue 55mb x 25mm";"8,95";"szt";"5,97"
"321";321;"Taœma malarska 30mm niebieska";"9,75";"szt";"4,47"
"322";322;"Atlas Gipsar 10 kg";"15";"szt";"12,85"
"323";323;"Siatka do gipsu 120";"0,8";"szt";"0,42"
"324";324;"Silikon bud/neutralny bia³y";"14,2";"szt";"9,97"
"325";325;"UD 27/3 Profil Przyœcienny";"4,8";"szt";"2,4"
"326";326;"Gips budowlany 2 kg";"2,45";"szt";"1,52"
"327";327;"MP75 Lekki 30 kg";"17,07";"szt";"13,81"
"328";328;"Tarcza do metalu p³aska 115x10";"2,44";"szt";"1,43"
"329";329;"Folia malarska EX gruba4x5";"3,66";"szt";"1,98"
"330";330;"Taœma mal. ¿ó³ta 30mm/50m";"3,25";"szt";"1,74"
"331";331;"Taœma mal.STRONG UV 38mm/50mm";"10,16";"szt";"8,21"
"332";332;"Teg. Szpachla mal.nier./80mm/STALCO";"6,5";"szt";"4,72"
"333";333;"Teg. Szpachla mal.nier./100mm/STALCO";"8,13";"szt";"5,95"
"334";334;"G³adz Szpachlowa FR extra 20 kg";"26,02";"szt";"19,89"
"335";335;"Grunt 5l";"12,2";"szt";"5,01"
"336";336;"Naro¿nik st. do Mokr. Tynk 234/2,5";"1,79";"szt";"1,07"
"337";337;"Siatka z w³ókna szklanego";"1,63";"m2";"1,22"
"338";338;"Styropian Fasada";"117,89";"m3";"103,4"
"339";339;"Naro¿nik Aluminiowy Perf . 25x25x2,5";"1,63";"szt.";"0,84"
"340";340;"Wiadro gospodarcze pl. 12l";"4,07";"szt";"2,63"
"341";341;"Paca ze stali nierdzewnej g³adka";"7,32";"szt";"4,79"
"342";342;"Mieszad³o 80mm do farb";"8,13";"szt";"5,88"
"343";343;"Miara sk³adana bia³o-¿ó³a 2m";"8,13";"szt";"6,49"
"344";344;"Wkrêt do gipsu 35x25 S";"12,2";"kg";"7,26"
"345";345;"Sznurek traserski 30 m";"6,5";"szt";"5,2"
"346";346;"Kreda traserska niebieska";"3,66";"szt";"2,62"
"347";347;"K¹townik stalowy/250mm/";"4,88";"szt";"2,8"
"348";348;"G¹bka œcierna 100";"1,79";"szt";"1,13"
"349";349;"Siatka do gipsu g.100";"0,73";"szt";"0,42"
"350";350;"ko³ek SMK 6x40 K";"9,76";"100 szt";"4,35"
"351";351;"Uniflot 5kg";"21,95";"szt";"19,23"
"352";352;"MP75 Lekki 30 kg";"20,3";"szt";"13,81"
"353";353;"Klej do glazury iterak. mrozo. 25 kg";"17,8";"szt";"8,9"
"354";354;"Œn Supermal emal.olej.kremowa 0,8l";"15,85";"szt";"11,28"
"355";355;"Folia malarska EX gruba4x5";"5,3";"szt";"1,98"
"356";356;"Grunt 5l";"16,2";"szt";"5,01"
"357";357;"Taœma mal.Strong 48mm x 50m ¿ó³ta";"5,25";"szt";"2,8"
"358";358;"O.W z siatk¹ zamyk.190/190  OW7";"8,5";"szt";"6,41"
"359";359;"Farba Jedynka wew. 10l";"45,9";"szt";"32,64"
"360";360;"P³yta GKB  12,5/2,6";"4,1";"m2";"3,79"
"361";361;"P³yta GKBI  12,5/2,6";"6,8";"m2";"6,13"
"362";362;"We³na mineralna 042 Schwenk 50 mata";"3,5";"m2";"2,68"
"363";363;"Wkrêt har 4,5x45";"3,9";"100 szt";"2,67"
"364";364;"We³na mineralna Schwenk 037 p³yta 50";"3,8";"m2";"3,3"
"365";365;"Siatka posadzkowa 1mx2m";"5,28";"szt";"3,98"
"366";366;"Pianka PE  0,10x50x5";"12,2";"Rolka";"9,01"
"367";367;"Collage ArpoFlex U 5l";"33,33";"szt";"27,58"
"368";368;"Folia Typ 200";"0,65";"m2";"0,36"
"369";369;"CW  50/3 M Profil œcienny Odwrotne Obci¹¿enie";"5,8";"szt";"5,45"
"370";370;"Atlas Klej uelastyczny 25 kg";"20";"szt";"13,73"
"371";371;"P³yta GKBI  12,5/2,6";"7,05";"m2";"6,13"
"372";372;"Wkrêt har 4,5x45";"4,4";"100 szt";"2,67"
"373";373;"Taœma mal.STRONG UV 38mm/50mm";"11,5";"szt";"8,21"
"374";374;"Folia malarska EX gruba4x5";"5";"szt";"1,98"
"375";375;"Ko³ek SMK 6x60 K";"15";"100 szt";"5,89"
"376";376;"Wieszak p³aski 60/175";"110";"100 szt";"51,86"
"377";377;"ko³ek SMK 6x40 K";"12";"100 szt";"4,35"
"378";378;"Uniflot 25 kg";"105";"szt";"94,64"
"379";379;"Wkrêt TEX 3,9x9,5 czarne ( 1000 szt )";"2";"100 szt";"1,29"
"380";380;"GHB Klej Gipsowy KMK A 20";"14,6";"szt";"10,27"
"381";381;"Rozpuszczalnik uniwersalny 0,5 l";"3,65";"szt";"2,05"
"382";382;"Tarcza diament. turbo 115 mm";"9,3";"szt";"6,62"
"383";383;"Tarcza diament.turbo Premium 115mm";"15,4";"szt";"11"
"384";384;"ZW zaprawa wyrównawcza 25 kg";"16";"szt";"11,11"
"385";385;"Naro¿nik aluminiowy z siatka 3,0 m x 14,3 cm";"2,4";"szt";"1,6"
"386";386;"Gips budowlany 2 kg";"2";"szt";"1,53"
"387";387;"O.W z siatka zamykan¹ 170/250 OW12";"8";"szt";"5,86"
"388";388;"Ko³ek SM-8x80";"23";"100 szt";"11,05"
"389";389;"Wiert³o SDS plus 8 x210";"8";"szt";"4,76"
"390";390;"Teg. Ostrza ³amane 18mm";"2,45";"kpl";"0,93"
"391";391;"Wiert³o SDS plus 6,0 x 160 do betonu";"5,6";"szt";"3,49"
"392";392;"Siatka z w³ szklanego 155 /50m rolka";"125";"szt";"98,5"
"393";393;"MP75 Lekki 30 kg";"18";"szt";"13,81"
"394";394;"Klej do siatki 25 kg";"15";"szt";"10,8"
"395";395;"Styropian Dach/pod³oga";"140";"m3";"119,63"
"396";396;"O³ówek murarski /176mm/";"2,8";"szt";"1,76"
"397";397;"Œn EM Chlor czarna 0,9L";"23,5";"szt";"16,68"
"398";398;"Wapno 25 kg";"11,35";"szt";"9,84"
"399";399;"Gips budowlany  15 kg";"8,65";"szt";"6,6"
"400";400;"Paca styropianowa";"3,25";"szt";"1,89"
"401";401;"Taœma mal.STRONG UV 48mm/50m";"14,6";"szt";"10,2"
"402";402;"Taœma malarska 30mm niebieska";"9,5";"szt";"4,47"
"403";403;"£ata murarska trap.200cm";"56";"szt";"40,72"
"404";404;"klej do siatki Platinum 25 kg";"16,5";"szt";"13,5"
"405";405;"Szpachla drewniana 25mm";"2";"szt";"1,1"
"406";406;"Teg. Szpachla malarska nierdz. 40 mmm";"5";"szt";"3,7"
"407";407;"W10/3m Odwrotne Obci¹¿enie";"2,1";"szt";"1,08"
"408";408;"CW  50/3 M Profil œcienny Odwrotne Obci¹¿enie";"8";"szt";"5,6"
"409";409;"UW  50/4 M  Profil Œcienny Odwrotne Obci¹¿enie";"8,5";"szt.";"5,96"
"410";410;"CD  60/2,6M  Profil g³ówny Odwrotne Obci¹¿enie";"4,75";"szt";"3,36"
"411";411;"P³yta GKBI  12,5/2,6";"7,32";"m2";"6,13"
"412";412;"GHB Klej Gipsowy KMK A 20";"16,26";"szt";"10,27"
"413";413;"Zaprawa murarska 25 kg";"8,13";"szt";"4,79"
"414";414;"Zaprawa posadzkowa 25 kg";"9,76";"szt";"4,9"
"415";415;"Styropian Dach/pod³oga";"147,97";"m3";"119,63"
"416";416;"Wkrêt do gipsu 35x35 C";"12";"kg";"7,34"
"417";417;"Pianka Pistoletowa niskoprê¿na 750 ml";"15";"szt";"10,3"
"418";418;"Pianka wê¿. Niskoprê¿na 750 ml";"14";"szt";"10,62"
"419";419;"Teg. Ostrze ³amane 18mm/PERFEKT";"3";"kpl";"2,47"
"420";420;"Wkrêt do gipsu 35x25 S";"12";"kg";"7,25"
"421";421;"G³adz Szpachlowa FR extra 20 kg";"24";"szt";"19,89"
"422";422;"Uniflot 25 kg";"105";"szt";"94,56"
"423";423;"Taœma z w³ókna szklanego T-90";"8";"szt";"5,94"
"424";424;"Taœma zw³ókna szk. fliselina 5cmx25m";"3,5";"szt";"1,95"
"425";425;"Siatka do gipsu g.150";"0,7";"szt";"0,29"
"426";426;"G¹bka œcierna 100";"2";"szt";"1,13"
"427";427;"Taœma mal. ¿ó³ta 30mm/50m";"3";"szt";"1,74"
"428";428;"Uniflot 5kg";"21,2";"szt";"19,23"
"429";429;"Beton kom. 8x24x59  suporex";"3,5";"szt";"2,48"
"430";430;"Pó³naro¿nik AL 23x13x0,40 d³2,5m";"2,2";"szt";"0,97"
"431";431;"Klej do glazury iterak. mrozo. 25 kg";"13";"szt";"8,9"
"432";432;"P³ótno gr.220 arkusz";"1,6";"szt";"0,94"
"433";433;"Wkrêt hart.6x160";"50";"100 szt";"33,3"
"434";434;"Siatka z w³ szklanego 155 /50m rolka";"125";"szt";"98,5"
"435";435;"Bravo Tynk Akrylowy Baranek 2,0 mm Bia³y";"3,5";"kg";"2,37"
"436";436;"Pigment BX";"50";"L";"26"
"437";437;"Pigment SX";"200";"L";"149"
"438";438;"Naro¿nik aluminiowy z siatka 3,0 m x 14,3 cm";"1,8";"szt";"1,6"
"439";439;"Farba Œnie¿ka Ultra 10 l";"32";"szt";"27,5"
"440";440;"Naro¿nik aluminiowy perf. 25x25x2,0 m";"1,4";"szt";"0,65"
"441";441;"Wkrêt do drewna 100mm";"14";"kg";"8,05"
"442";442;"P³yta GKF Ogieñ";"21,95";"szt";"16,79"
"443";443;"Akryl";"5";"szt";"3,87"
"444";444;"Silikon uniwersalny 310ml";"8";"szt";"6,77"
"445";445;"Paca plasikowa g³adka";"6";"szt";"2,29"
"446";446;"KM Wa³ek 18 Elitakolor";"8";"szt";"6,36"
"447";447;"Wkrêt do p³yt gips. 4290";"12";"kg";"7,27"
"448";448;"Farba Jedynka wew. 10l";"40";"szt";"32,64"
"449";449;"KM Zapas 7 Moltopren";"1,46";"szt";"0,5"
"450";450;"O³ówek ciesielski 300 mm";"4";"szt";"2,76"
"451";451;"Naro¿nik st. do Mokr. Tynk 234/2,5";"1,8";"szt";"1,07"
"452";452;"MP75 Lekki 30 kg";"17";"szt";"13,81"
"453";453;"Zaprawa posadzkowa 25 kg";"6,5";"szt";"4,9"
"454";454;"Atlas zaprawa gruntuj¹ca 5kg";"24,5";"szt";"22,15"
"455";455;"Taœma mal.Strong 38mm x 50m ¿ó³ta";"3,25";"szt";"2,18"
"456";456;"Folia malarska EX gruba4x5";"4";"szt";"1,98"
"457";457;"P³yta GKB  12,5/2,6";"4,7";"m2";"3,79"
"458";458;"GHB Klej Gipsowy KMK A 20";"14,3";"szt";"10,27"
"459";459;"Wyprawa Kwarc - grunt 4 kg";"16";"szt";"12,71"
"460";460;"KM R¹czka do wa³ka 6x27";"1,45";"szt";"0,9"
"461";461;"MP75 Lekki 30 kg";"17";"szt";"13,81"
"462";462;"MP75 Lekki 30 kg";"16";"szt";"13,81"
"463";463;"Zaprawa murarska 25 kg";"6,5";"szt";"4,79"
"464";464;"Zaprawa posadzkowa 25 kg";"6,5";"szt";"4,9"
"465";465;"Wapno 25 kg";"12";"szt";"9,88"
"466";466;"Zaprawa tynkarska 25 kg";"6,5";"szt";"4,92"
"467";467;"MP75 Lekki 30 kg";"17";"szt";"13,81"
"468";468;"Grunt koncentrat 5 l";"50";"szt";"36,1"
"469";469;"Tarcza do metalu 125x10";"3";"szt";"1,64"
"470";470;"Œn EM Chlor czarna 0,9L";"23,5";"szt";"16,68"
"471";471;"Rozpuszczalnik uniwersalny 0,5 l";"3,65";"szt";"2,05"
"472";472;"Rozp. chloroka³czukwy 5l";"31,7";"szt";"22,5"
"473";473;"Z³¹cze PP 12/80x240/p³ytka per/25";"268";"100 szt";"165"
"474";474;"Wkrêt hart.6x70";"16";"100 szt";"7,35"
"475";475;"Listwa  do doc. U-153 2,5m";"17,89";"szt";"12,47"
"476";476;"Taœma mal.Strong 38mm x 50m ¿ó³ta";"4,47";"szt";"2,18"
"477";477;"CD  60/4M Profil G³ówny";"8,13";"szt";"4,91"
"478";478;"UD  27/4  Profil przyœcienny";"6,5";"szt";"3,09"
"479";479;"P³yta GKB  12,5/2,6";"5,73";"m2";"3,79"
"480";480;"G³adz Szpachlowa FR extra 20 kg";"34,96";"szt";"19,89"
"481";481;"Lakier olej.Vidaron 1 L Superlak bezbarwny";"21,54";"szt";"14,99"
"482";482;"Cement  II B-V 32,5 R";"8,9";"szt";"7,37"
"483";483;"El. Lampa led 24";"22";"szt";"18,94"
"484";484;"El. Morta oprawa";"22";"szt";"18,4"
"485";485;"El. Oprawa ¿arówki halogenowej";"2";"szt";"1,21"
"486";486;"El. przewód 3x2,5";"2300";"km";"2100"
"487";487;"El. Szybkoz³¹czka PC302";"0,6";"szt";"0,42"
"488";488;"El.Przewód 3x1,5";"1500";"km";"1332"
"489";489;"MP75 Lekki 30 kg";"16";"szt";"13,81"
"490";490;"Atlas zaprawa gruntuj¹ca 5kg";"22";"szt";"20,44"
"491";491;"P³yta GKB  12,5/2,6";"4,95";"m2";"3,79"
"492";492;"P³yta GKB  9,5/2,6";"4,95";"m2";"3,84"
"493";493;"P³yta GKF Ogieñ";"23";"szt";"16,79"
"494";494;"Silikon sanitarny";"9";"szt";"7,15"
"495";495;"We³na mineralna Schwenk 037 p³yta 50";"5,5";"m2";"3,3"
"496";496;"Tarcza metal p³aska 230x2";"4";"szt";"3,2"
"497";497;"Dyka Rura kan. PP 50  500 mm";"2,8";"szt";"1,83"
"498";498;"Dyka Kolano PP 50/67";"2,45";"szt";"1,48"
"499";499;"Dyka Kolano PP 50/15";"2";"szt";"1,21"
"500";500;"Taœma mal.Strong 38mm x 50m ¿ó³ta";"4";"szt";"2,18"
"501";501;"Folia malarska EX gruba4x5";"4";"szt";"1,98"
"502";502;"Pianka wê¿. Niskoprê¿na 750 ml";"15";"szt";"10,62"
"503";503;"Rotbant 30 kg";"39";"szt";"32,46"
"504";504;"Ko³ek SM-8x80";"18";"100 szt";"11"
"505";505;"Cement  II B-V 32,5 R";"8,9";"szt";"7,37"
"506";506;"£¹cznik do okien 10x112";"45";"100 szt";"31,25"
"507";507;"Styropian Fasada";"115";"m3";"103,33"
"508";508;"Met.Rura oc. 100";"10";"m";"7,75"
"509";509;"Skrzyd³o drzwi 70";"115";"szt";"89,43"
"510";510;"Oœcie¿nica uniwersalna";"50";"szt";"41,15"
"511";511;"Nida tynk cem-wap lekki wew. 30 kg";"13,5";"szt";"2,42"
"512";512;"Wyprawa Kwarc - grunt 4 kg";"18";"szt";"12,71"
"513";513;"Siatka z w³ókna szklanego";"1,6";"m2";"1,22"
"514";514;"Pianka Mini 300 ml";"10";"szt";"7,73"
"515";515;"Drzwi klamka z rozet¹";"34";"szt";"27,75"
"516";516;"Grunt 5l";"12";"szt";"5,01"
"517";517;"Beton kom. 8x24x59  suporex";"4,47";"szt";"2,66"
"518";518;"Klej do bet. kom. 25 kg";"16,26";"szt";"8,9"
"519";519;"P³yta GKBI  12,5/2,6";"9,11";"m2";"6,13"
"520";520;"P³yta GKB  12,5/2,6";"5,2";"m2";"3,79"
"521";521;"GHB Klej Gipsowy KMK A 20";"16,26";"szt";"10,27"
"522";522;"MP75 Lekki 30 kg";"20,33";"szt";"13,81"
"523";523;"Siatka z w³ókna szklanego";"2,03";"m2";"1,22"
"524";524;"Naro¿nik Aluminiowy Perf . 25x25x2,5";"2,44";"szt.";"0,84"
"525";525;"Naro¿nik aluminiowy perf. 25x25x2,0 m";"2,03";"szt";"0,65"
"526";526;"Uniflot 25 kg";"113,82";"szt";"94,41"
"527";527;"Grunt 5l";"16,26";"szt";"5"
"528";528;"Taœma z w³ókna szklanego T-90";"13,82";"szt";"5,94"
"529";529;"Atlas Gipsar uni 20 kg";"25,2";"szt";"18,95"
"530";530;"Pianka wê¿. Niskoprê¿na 750 ml";"16,26";"szt";"10,62"
"531";531;"UD  27/4  Profil przyœcienny";"6,5";"szt";"3,09"
"532";532;"CD  60/4M Profil G³ówny";"8,13";"szt";"4,91"
"533";533;"Prêt 500mm";"65,04";"100 szt";"25,87"
"534";534;"Wieszak obrotowy";"0,81";"szt";"0,32"
"535";535;"Wkrêt TEX 3,9x9,5 czarne ( 1000 szt )";"2,03";"100 szt";"1,29"
"536";536;"Wkrêt do gipsu 35x25 S";"15,45";"kg";"7,25"
"537";537;"Ko³ek SM8x45";"12,2";"100 szt";"6,73"
"538";538;"Podk³adka okr. M8 ocynk";"8,13";"kg";"6"
"539";539;"ko³ek SMK 6x40 K";"12,2";"100 szt";"4,36"
"540";540;"Paca plastikowa 130x270 z g¹bk¹ gêst¹";"5,69";"szt";"3,5"
"541";541;"Wiert³o SDS-Plus  6x210 stalco";"7,72";"";"4,68"
"542";542;"Atlas Sam 200 25-60 mm 25 kg";"28,46";"szt";"17,49"
"543";543;"UD 27/3 Profil Przyœcienny";"4,88";"szt";"2,4"
"544";544;"CD 60/3 m Profil g³ówny";"6,5";"szt";"3,64"
"545";545;"Wieszak p³aski 60/150";"97,56";"100 szt";"44,35"
"546";546;"£¹cznik poprzeczny";"65,04";"100 szt";"23,8"
"547";547;"Naro¿nik aluminiowy z siatka 3,0 m x 14,3 cm";"2,85";"szt";"1,6"
"548";548;"Ko³ek r.10/5x60/100/";"16,26";"100 szt";"6,17"
"549";549;"Atlas Sam 100 25 kg";"31,71";"szt";"23,63"
"550";550;"Folia hydroizolacyjna 4kg";"60,98";"szt";"43,06"
"551";551;"Folia malarska EX gruba4x5";"3";"szt";"1,98"
"552";552;"AT.Fuga be¿owa 5 kg/020/ folia";"26";"szt";"20,04"
"553";553;"Grunt 5l";"12";"szt";"5"
"554";554;"Uniflot 5kg";"21,2";"szt";"19,21"
"555";555;"G³adz Szpachlowa FR extra 20 kg";"24";"szt";"19,89"
"556";556;"Naro¿nik al z siatk¹  14,3 -2,5 m";"1,8";"szt.";"1,33"
"557";557;"Wkrêt do gipsu 35x25 S";"12";"kg";"7,25"
"558";558;"Uniflot 25 kg";"105";"szt";"94,41"
"559";559;"Silikon sanitarny kolor";"17";"szt";"14,86"
"560";560;"Akryl";"4,5";"szt";"3,85"
"561";561;"Pianka wê¿. Niskoprê¿na 750 ml";"12";"szt";"10,47"
"562";562;"P³ótno œcierne -arkusz";"1,6";"szt";"0,92"
"563";563;"Tarcza diament.pe³na Premium 115 mmm";"10";"szt";"7,77"
"564";564;"Wiert³o spiralne 6x93";"7";"szt";"5,99"
"565";565;"GHB Klej Gipsowy KMK A 20";"12,3";"szt";"10,27"
"566";566;"MP75 Lekki 30 kg";"15";"szt";"13,81"
"567";567;"Farba Œnie¿ka Ultra 10 l";"32";"szt";"27,62"
"568";568;"Klej do glazury iterak. mrozo. 25 kg";"12";"szt";"8,9"
"569";569;"Wieszak p³aski 60/125/100szt";"25";"100 szt";"17,24"
"570";570;"Wkrêt do gipsu 35x35 C";"12";"kg";"7,34"
"571";571;"Ko³ek SM 6x60";"8";"100 szt";"5,38"
"572";572;"Wkrêt TEX 3,9x9,5 czarne ( 1000 szt )";"2";"100 szt";"1,29"
"573";573;"Taœma mal. ¿ó³ta 30mm/50m";"2,5";"szt";"1,74"
"574";574;"Nida tynk cem-wap lekki wew. 30 kg";"12";"szt";"7,41"
"575";575;"Farba Jedynka wew. 10l";"38";"szt";"32,64"
"576";576;"KM Zapas 7 Moltopren";"0,8";"szt";"0,5"
"577";577;"Wa³ek malarski-poliakryl 12mm";"7";"szt";"5,15"
"578";578;"Wa³ek malarski-poliakryl";"6";"szt";"4,32"
"579";579;"Tarcza do metalu p³aska 115x10";"1,9";"szt";"1,43"
"580";580;"Cement  II B-V 32,5 R";"8,9";"szt";"7,37"
"581";581;"ZW zaprawa wyrównawcza 25 kg";"16,26";"szt";"11,11"
"582";582;"Paca nierdz. do kleju 130x270 10x10";"7,72";"szt";"4,62"
"583";583;"AT.fuga j.be¿owa 5kg";"18,29";"szt";"13,02"
"584";584;"Uniflot 5kg";"25,2";"szt";"19,23"
"585";585;"Atlas Klej uelastyczny 25 kg";"26,02";"szt";"13,78"
"586";586;"Uniflot 25 kg";"105";"szt";"94,41"
"587";587;"Folia malarska EX gruba4x5";"4";"szt";"1,98"
"588";588;"Teg. Dysk szlifierki do wiert.z rzepem 125mm";"9";"szt";"6,71"
"589";589;"Teg.Kr¹¿ek œcierny na rzep#125/gr.80";"50";"100 szt";"26,8"
"590";590;"Paca plastikowa 130x270 z g¹bk¹ gêst¹";"5";"szt";"3,5"
"591";591;"MP75 Lekki 30 kg";"17";"szt";"13,81"
"592";592;"Atlas zaprawa klejowa uelastyczniona 5 kg";"10";"szt";"8,08"
"593";593;"Atlas zaprawa gruntuj¹ca 5kg";"24";"szt";"20,44"
"594";594;"Atlas grunt print 5 kg";"10";"szt";"0,05"
"595";595;"AT.Fuga be¿owa 5 kg/020/ folia";"24";"szt";"20,04"
"596";596;"Atlas elastik 25 kg";"34";"szt";"26,53"
"597";597;"Bravo Tynk Akrylowy Baranek 1,5 mm Bia³y";"3";"kg";"2,33"
"598";598;"Bravo Tynk silikatowy Baranek";"3,5";"kg";"2,74"
"599";599;"Bravo Tynk Silikonowy 2,0mm Bia³y";"3,5";"kg";"2,88"
"600";600;"Bryza Denko rynnowe 125";"5";"szt";"3,67"
"601";601;"Bryza hak do obejmy L 220";"4";"szt";"2,97"
"602";602;"Bryza Kolanko 110";"10";"szt";"7,77"
"603";603;"Bryza Lej spustowy 125/110";"13";"szt";"9,3"
"604";604;"Dyka Rura kan. PP 110  500mm";"5";"szt";"4,58"
"605";605;"Farba elewacyjna";"7";"L";"5,43"
"606";606;"Farba Jedynka wew. 10l";"40";"szt";"32,64"
"607";607;"Fugownica 25 cm";"2";"szt";"1,48"
"608";608;"Gips szpachlowy 15 kg";"15";"szt";"12,69"
"609";609;"G³adz szachlowa  FR extra 15 kg";"20";"szt";"16,73"
"610";610;"Kielnia nier.har,60/Perfekt";"12";"szt";"9,21"
"611";611;"Krzy¿yki dynstansowe";"1,6";"opk.";"0,75"
"612";612;"£ata murarska z uchwytem i libe. 250cm";"90";"szt";"71,7"
"613";613;"£opata do piachu";"13";"szt";"10,7"
"614";614;"Miara sk³adana bia³a 2m";"7";"szt";"5,58"
"615";615;"Midas Listwa zakoñczeniowa Aspro 10 mm al. 6-00600-00-250";"9";"szt";"7,1"
"616";616;"Mieszad³o 80mm do kleju C1";"8";"szt";"6,37"
"617";617;"M³otek murarski ber.600 g Fiberglas";"17";"szt";"14,45"
"618";618;"Nó¿ z ostrzem £amanym 18mm";"2";"szt";"1,07"
"619";619;"Paca ze stali nierdzewnej g³adka";"7";"szt";"4,79"
"620";620;"Papa Zgrz. V60 S 3  7,5 m2";"7";"m2";"5,64"
"621";621;"Œn EM Chlor czarna 0,9L";"23,55";"szt";"16,36"
"622";622;"Œn Urekor S farba podk³ czarna 1 l";"19,5";"szt";"12,47"
"623";623;"Rozp. chloroka³czukwy 5l";"37,4";"szt";"26,5"
"624";624;"P³ótno œcierne -arkusz";"2";"szt";"0,92"
"625";625;"Gwo¿dzie pierœcieniowe  4,5x125";"6,5";"kg";"4,84"
"626";626;"Gwozdzie budowlane 70";"6,5";"kg";"3,48"
"627";627;"Farba Supermal olej 0,8 l szara j.";"14,22";"szt";"9,2"
"628";628;"Atlas Klej uelastyczny 25 kg";"26,02";"szt";"13,78"
"629";629;"P³yta GKBI  12,5/2,6";"9,11";"m2";"6,13"
"630";630;"P³yta GKB  12,5/2,6";"5,73";"m2";"3,79"
"631";631;"UD 27/3 Profil Przyœcienny";"4,88";"szt";"2,4"
"632";632;"CD  60/2,6M  Profil g³ówny";"5,28";"szt";"3,36"
"633";633;"Ko³ek SM-8x80";"28,46";"100 szt";"11,07"
"634";634;"Taœma samoprzylepna nr.59/6  1 szt=20 mb";"3,66";"szt";"1,61"
"635";635;"Wkrêt do gipsu 35x25 S";"15,45";"kg";"7,25"
"636";636;"Atlas Gipsar 5 kg";"10,98";"szt";"7,87"
"637";637;"Wieszak p³aski 60/125/100szt";"81,3";"100 szt";"17,33"
"638";638;"Atlas zaprawa gruntuj¹ca 5kg";"29,27";"szt";"22,09"
"639";639;"GHB Klej Gipsowy KMK A 20";"16,26";"szt";"10,27"
"640";640;"Folia malarska EX gruba4x5";"5,28";"szt";"1,98"
"641";641;"Siatka do gipsu";"0,81";"szt";"0,36"
"642";642;"Taœma mal.STRONG UV 38mm/50mm";"11,79";"szt";"8,21"
"643";643;"Taœma mal. ¿ó³ta 30mm/50m";"3,25";"szt";"1,74"
"644";644;"Farba œnie¿ka 1l bia³a emul.";"8,13";"szt";"5,63"
"645";645;"Atlas Klej uelastyczny 25 kg";"26,02";"szt";"13,78"
"646";646;"Wyprawa Kwarc-grunt7 kg";"36,59";"szt";"20,69"
"647";647;"Silikon bud/neutralny bia³y";"14,23";"szt";"9,97"
"648";648;"Gips budowlany 2 kg";"3,25";"szt";"1,46"
"649";649;"Beton komórkowy 6x24x59";"3,25";"szt";"2,3"
"650";650;"Driva nylon 22 mm wkret 3,0-3,5";"8,13";"100 szt";"3,94"
"651";651;"Wkrêt podkl oc. 4,2x25";"8,13";"100 szt";"2,71"
"652";652;"Krzy¿yki dynstansowe";"1,63";"opk.";"0,75"
"653";653;"Kliny maxi";"1,63";"kpl";"0,81"
"654";654;"Wkret samow.3,5x25/200szt";"7,72";"opk.";"5,21"
"655";655;"Silikon uniwersalny 310ml";"8,94";"szt";"6,77"
"656";656;"Os³ona rewizyjna 20 x25";"10,16";"szt";"7,13"
"657";657;"Farba Jedynka wew. 10l";"43,9";"szt";"32,64"
"658";658;"Pigment BX";"50";"L";"26"
"659";659;"Pigment HX";"200";"L";"100"
"660";660;"Farba Jedynka 5l wew.";"32,5";"szt";"26,03"
"661";661;"Pigment BX";"50";"L";"26"
"662";662;"Pigment HX";"200";"L";"100"
"663";663;"Atlas zaprawa gruntuj¹ca 5kg";"28";"szt";"20,44"
"664";664;"Farba Œnie¿ka Eko wew. 5l";"34,5";"szt";"25,26"
"665";665;"Uniflot 5kg";"24";"szt";"19,22"
"666";666;"G³adz Szpachlowa FR extra 20 kg";"27";"szt";"19,89"
"667";667;"Taœma z w³ókna szklanego T-90";"13";"szt";"5,94"
"668";668;"Taœma reparacyjna 145x20";"10,5";"szt";"5,95"
"669";669;"P³ótno œcierne -arkusz";"2";"szt";"0,92"
"670";670;"MP75 Lekki 30 kg";"21,14";"szt";"13,81"
"671";671;"Styropian Termonium fasada";"162,6";"m3";"153"
"672";672;"Pianka Pistoletowa niskoprê¿na 750 ml";"16,26";"szt";"10,3"
"673";673;"£¹cznik ti 10x160";"18";"100 szt";"12"
"674";674;"Collage Czyœcik uniwersalny 500 ml";"16,26";"szt";"12,58"
"675";675;"Ostrze do noza 18mm";"0,24";"szt";"0,11"
"676";676;"Styropian Dach/pod³oga";"138,2";"m3";"119,62"
"677";677;"Taœma mal.STRONG UV 48mm/50m";"14,6";"szt";"10,2"
"678";678;"Pistolet Profesjonalny";"40";"szt";"31,27"
"679";679;"klej do siatki Platinum 25 kg";"17,8";"szt";"13,5"
"680";680;"Atlas Gipsar uni 20 kg";"25,2";"szt";"18,95"
"681";681;"MP75 Lekki 30 kg";"20,33";"szt";"13,81"
"682";682;"Uniflot 5kg";"24,39";"szt";"19,22"
"683";683;"Grunt 5l";"16,26";"szt";"5"
"684";684;"ATLAS Zaprawa samopoz.  SAM 100 25 kg";"31,71";"szt";"24,21"
"685";685;"Atlas Sam 100 25 kg";"31,71";"szt";"23,38"
"686";686;"UD 27/3 Profil Przyœcienny";"4,88";"szt";"2,4"
"687";687;"Akryl";"5,69";"szt";"3,87"
"688";688;"P³ótno XL gr.120 (arkusz)";"2,03";"szt";"0,92"
"689";689;"Wkret samow.3,5x25/200szt";"7,72";"opk.";"5,21"
"690";690;"AT.Fuga szara 5kg";"23,58";"szt";"16,41"
"691";691;"AT.Fuga be¿owa 2kg /020/ folia";"13,82";"szt";"9,21"
"692";692;"MP75 Lekki 30 kg";"16";"szt";"13,81"
"693";693;"Zaprawa tynkarska 25 kg";"6,5";"szt";"4,92"
"694";694;"Atlas Gipsar uni 20 kg";"21,5";"szt";"18,95"
"695";695;"Atlas Gipsar 5 kg";"8,9";"szt";"7,87"
"696";696;"Cement  II B-V 32,5 R";"8,9";"szt";"7,37"
"697";697;"Folia Typ 200";"0,55";"m2";"0,36"
"698";698;"Rura drenarska 100 mm";"3,5";"m";"2,73"
"699";699;"Taœma uniwersalna 50x5m";"2";"szt";"1,43"
"700";700;"Farba Œnie¿ka Eko wew. 5l";"28,5";"szt";"25,26"
"701";701;"Krzy¿yki dynstansowe";"1,6";"opk.";"0,75"
"702";702;"Kliny maxi";"1,6";"kpl";"0,81"
"703";703;"Klej do glazury iterak. mrozo. 25 kg";"13";"szt";"8,9"
"704";704;"Styropian Fasada";"115";"m3";"103,33"
"705";705;"Gips budowlany 2 kg";"2";"szt";"1,46"
"706";706;"Ko³ek SM 10x160";"50";"100 szt";"39,17"
"707";707;"Atlas Klej uelastyczny 25 kg";"20";"szt";"13,82"
"708";708;"AT. Fuga Jaœmin 2kg";"12";"szt";"9,9"
"709";709;"Silikon sanitarny";"8,5";"szt";"7,16"
"710";710;"Akryl";"5";"szt";"3,86"
"711";711;"At. fuga jaœmin 5 kg";"24";"szt";"19,51"
"712";712;"Pianka wê¿ykowa 750 ml";"12";"szt";"8,89"
"713";713;"Grunt 5l";"10";"szt";"5"
"714";714;"O³ówek murarski /176mm/";"2,8";"szt";"1,76"
"715";715;"Taœma uniwersalna 50x10m";"3";"szt";"2,45"
"716";716;"Pêdzel angielski 25";"1,6";"szt";"0,77"
"717";717;"Œn Supermal emal.olej.bia³a 0,8l";"16";"szt";"11,02"
"718";718;"At.Fuga j.szara 5 kg /034/ folia";"24";"szt";"19,51"
"719";719;"Silikon uniwersalny 310ml";"8";"szt";"6,77"
"720";720;"Oœcie¿nica uniwersalna";"52,85";"szt";"41,15"
"721";721;"Atlas Gipsar 5 kg";"8,5";"szt";"7,87"
"722";722;"MP75 Lekki 30 kg";"17";"szt";"13,81"
"723";723;"Zaprawa tynkarska 25 kg";"6,5";"szt";"4,92"
"724";724;"Uniflot 5kg";"20,2";"szt";"19,22"
"725";725;"Grunt Royal 5L";"24,4";"szt";"12,14"
"726";726;"Ko³ek SM 6x60";"10";"100 szt";"5,38"
"727";727;"Z³¹cze KPW10/KPW-4/105x105x90/k¹t. wzmacniane/25";"280";"100 szt";"168,2"
"728";728;"Wiert³o do betonu 6x150 z uchw cylindrycznym";"7";"szt";"5,28"
"729";729;"Wkrêt hart.6x70";"12";"100 szt";"7,85"
"730";730;"Gwo¿dzie budowlane 7x250";"4,6";"kg";"3,55"
"731";731;"Wkrêt do gipsu 35x35 C";"10";"kg";"7,34"
"732";732;"Wkrêt do p³yt gips.3,5x55D";"10";"kg";"7,48"
"733";733;"Wkrêt do p³yt gips.4,2x70 D";"10";"kg";"7,34"
"734";734;"P³yta GKB  12,5/2,6";"4,8";"m2";"3,79"
"735";735;"UW  50/4 M  Profil Œcienny";"8";"szt.";"5,96"
"736";736;"CW  50/3 M Profil œcienny";"7";"szt";"5,57"
"737";737;"UW100/4m Profil Scienny";"10";"szt";"8,58"
"738";738;"CW 100/ 3m Profil  œcienny";"9";"szt";"7,19"
"739";739;"We³na mineralna Schwenk 039/100 mm";"7,3";"m2";"5,77"
"740";740;"GHB Klej Gipsowy KMK A 20";"14,3";"szt";"10,27"
"741";741;"UA 100 3m Odwrotne Obci¹¿enie";"43,9";"szt";"34,92"
"742";742;"Wkrêt samow. 3,5x35/100 szt";"3,65";"opk.";"2,89"
"743";743;"Welna Knauf 042 gr.100mm";"7,25";"m2";"6,08"
"744";744;"Akryl";"4,35";"szt";"3,86"
"745";745;"Taœma zw³ókna szk. fliselina 5cmx25m";"3";"szt";"1,95"
"746";746;"Naro¿nik do ³uków PCV 3m";"2";"szt";"0,93"
"747";747;"Naro¿nik Aluminiowy Perf . 25x25x2,5";"1,6";"szt.";"0,84"
"748";748;"MP75 Lekki 30 kg";"18";"szt";"13,81"
"749";749;"Uniflot 25 kg";"110";"szt";"94,41"
"750";750;"Siatka z w³ókna szklanego";"1,6";"m2";"1,22"
"751";751;"Papa V80 S42 wierzchniego krycia";"8";"m2";"5,86"
"752";752;"Dysperbent 10 kg";"24";"szt";"17,47"
"753";753;"Pêdzel smo³owiec";"5";"szt";"2,48"
"754";754;"Kij do szczotki";"4,5";"szt";"3,06"
"755";755;"Collage Uszczelniacz dekarski";"10,5";"szt";"7,2"
"756";756;"Ko³ek SM-8x100";"36,5";"100 szt";"14,8"
"757";757;"Gwódz utwardzony podk³.15mm/250szt";"150";"opk.";"27,24"
"758";758;"G³adz Szpachlowa FR extra 20 kg";"26";"szt";"19,89"
"759";759;"Styropian Fasada";"117";"m3";"103,43"
"760";760;"£¹cznik term. 220";"30";"100 szt";"19,91"
"761";761;"Maska gospodarcza z zaworem";"3,65";"szt";"1,92"
"762";762;"G¹bka œcierna 150";"2";"szt";"1,13"
"763";763;"Paca styropianowa 12x100cm";"9";"szt";"6,33"
"764";764;"Paca styropianowa 14 x75 cm";"7,7";"szt";"4,55"
"765";765;"Rekawice Dragon";"4";"para";"2,51"
"766";766;"ko³ek SMK 6x40 K";"10";"100 szt";"4,36"
"767";767;"£opata do piachu";"15";"szt";"10,7"
"768";768;"Pret gwin. ocyn. M8x1000";"2,2";"szt";"1,53"
"769";769;"Podk³adka M8 poszerzona";"9,5";"kg";"6,38"
"770";770;"Nakrêtka  M8 ocynk";"8";"kg";"5,6"
"771";771;"Nó¿ z ostrzem £amanym 18mm";"2,45";"szt";"1,07"
"772";772;"Wapno 25 kg";"11,98";"szt";"9,93"
"773";773;"Klej do glazury iterak. mrozo. 25 kg";"15";"szt";"8,9"
"774";774;"Atlas Zaprawa klejowa Plus 25kg";"47";"szt";"38,94"
"775";775;"Ko³ek ram KPK 10X200 KLUCZ";"200";"100 szt";"141,9"
"776";776;"Naro¿nik PCV z siatk¹ 2,5m";"2,95";"szt";"1,42"
"777";777;"Siatka z w³ókna szklanego";"1,8";"m2";"1,22"
"778";778;"Taœma malarska dolphin blue 55mb x 25mm";"8,5";"szt";"5,97"
"779";779;"klej do siatki Platinum 25 kg";"16,5";"szt";"13,5"
"780";780;"AT.Fuga szara 5kg";"22";"szt";"16,51"
"781";781;"UD  27/4  Profil przyœcienny";"3,45";"szt";"3,09"
"782";782;"Wkrêt TEX 3,9x9,5 czarne ( 1000 szt )";"1,55";"100 szt";"1,29"
"783";783;"P³yta GKB  12,5/2,6";"4,2";"m2";"3,79"
"784";784;"CD 60/3 m Profil g³ówny";"4,1";"szt";"3,65"
"785";785;"CD  60/4M Profil G³ówny";"5,6";"szt";"4,92"
"786";786;"UW  50/4 M  Profil Œcienny";"6,6";"szt.";"6,02"
"787";787;"Taœma zw³ókna szk. fliselina 5cmx25m";"2,7";"szt";"2,03"
"788";788;"Collage Klej montarzowy 310 ml";"8,5";"szt";"7,93"
"789";789;"Wieszak p³aski 60/125/100szt";"20";"100 szt";"17,24"
"790";790;"klej do siatki Platinum 25 kg";"14,5";"szt";"13,5"
"791";791;"Klej do siatki 25 kg";"12";"szt";"10,8"
"792";792;"Styropian Fasada";"112";"m3";"103,43"
"793";793;"Naro¿nik aluminiowy z siatka 3,0 m x 14,3 cm";"1,4";"szt";"1,6"
"794";794;"Naro¿nik st. do Mokr. Tynk 234/2,5";"1,4";"szt";"1,07"
"795";795;"Klej do glazury iterak. mrozo. 25 kg";"10";"szt";"8,9"
"796";796;"Zaprawa murarska 25 kg";"5,6";"szt";"4,79"
"797";797;"Klej do styropianu 25 kg";"10";"szt";"8,8"
"798";798;"Naro¿nik aluminiowy z siatka 3,0 m x 14,3 cm";"1,9";"szt";"1,6"
"799";799;"Siatka z w³ókna szklanego";"1,35";"m2";"1,22"
"800";800;"Cement  II B-V 32,5 R";"8,6";"szt";"7,37"
"801";801;"Grunt 5l";"6,5";"szt";"5"
"802";802;"Wapno 25 kg";"12";"szt";"9,93"
"803";803;"Dysperbent 10 kg";"21";"szt";"18,19"
"804";804;"Collage Œrodek grzybobójczy 1l";"7,6";"szt";"6,56"
"805";805;"Taœma mal.Strong 48mm x 50m ¿ó³ta";"3,25";"szt";"2,8"
"806";806;"Teg. Szpacla mal. nier. 60mm";"5,2";"szt";"4,2"
"807";807;"Grunt Royal 5L";"20";"szt";"12,14"
"808";808;"Pianka wê¿. Niskoprê¿na 750 ml";"12,5";"szt";"10,62"
"809";809;"CW 75/3 M Profil Œcienny";"7,15";"szt";"6,82"
"810";810;"UW 75/4 M Profil Œcienny";"9";"szt";"7,89"
"811";811;"MP75 Lekki 30 kg";"15";"szt";"13,81"
"812";812;"Uniflot 5kg";"20,2";"szt";"19,22"
"813";813;"Wyprawa Kwarc Grunt 14kg";"45";"szt";"39,74"
"814";814;"P³yta GKBI  12,5/2,6";"6,8";"m2";"6,13"
"815";815;"UD 27/3 Profil Przyœcienny";"3";"szt";"2,4"
"816";816;"We³na mineralna Schwenk 037 75 p³yta";"6,35";"m2";"5,81"
"817";817;"CD  60/2,6M  Profil g³ówny";"3,65";"szt";"3,36"
"818";818;"Oœcie¿nica uniwersalna";"52,85";"szt";"41,15"
"819";819;"Pianka wê¿. Niskoprê¿na 750 ml";"16,26";"szt";"10,62"
"820";820;"Wapno 25 kg";"13";"szt";"9,93"
"821";821;"P³yta GKB  12,5/2,6";"4,4";"m2";"3,79"
"822";822;"Uniflot 5kg";"20";"szt";"19,22"
"823";823;"CW 100/ 3m Profil  œcienny";"8";"szt";"7,19"
"824";824;"Ko³ek K-12/8x70 klucz";"40";"100 szt";"19,67"
"825";825;"Rymid Wiert³o do bet.12x200mm";"8";"szt";"6,21"
"826";826;"Atlas Klej uelastyczny 25 kg";"22,9";"szt";"13,82"
"827";827;"AT.Fuga szara 5kg";"23";"szt";"16,51"
"828";828;"Grunt koncentrat 5 l";"55";"szt";"36,1"
"829";829;"Zaprawa posadzkowa 25 kg";"8";"szt";"4,9"
"830";830;"Collage BEToFLEX \"P\" 1l";"8";"szt";"5,76"
"831";831;"Krzy¿yki dynstansowe";"1,6";"opk.";"0,75"
"832";832;"Sznurek murarski  100 mb";"7";"szt";"4,61"
"833";833;"Ko³ek SM8x45";"15";"100 szt";"6,77"
"834";834;"Szczotka druciana 4 rzedowa";"2,85";"szt";"1,33"
"835";835;"Szczotka druciana 5 rzêdowa";"3,25";"szt";"1,4"
"836";836;"Cement  II B-V 32,5 R";"9,35";"szt";"7,37"
"837";837;"Teg. Ostrze ³amane 18mm/PERFEKT";"2,97";"kpl";"2,47"
"838";838;"P³ótno gr.220 arkusz";"1,79";"szt";"0,94"
"839";839;"Naro¿nik al z siatk¹  14,3 -2,5 m";"2,85";"szt.";"1,33"
"840";840;"Uniflot 25 kg";"112,2";"szt";"94,41"
"841";841;"Taœma samoprzylepna nr.59/6  1 szt=20 mb";"2,85";"szt";"1,61"
"842";842;"P³ótno œcierne -arkusz";"1,79";"szt";"0,92"
"843";843;"£¹cznik term. 220";"28,46";"100 szt";"19,91"
"844";844;"Klej do styropianu 25 kg";"12,2";"szt";"8,8"
"845";845;"Atlas Klej uelastyczny 25 kg";"22,76";"szt";"13,82"
"846";846;"ko³ek SMK 6x40 K";"12,2";"100 szt";"4,4"
"847";847;"Ko³ek SMK 6x60 K";"13,82";"100 szt";"6"
"848";848;"Grunt 5l";"14,63";"szt";"5"
"849";849;"Pêdzel tapetowy 130mm";"7,32";"szt";"4,13"
"850";850;"Cement  II B-V 32,5 R";"8,9";"szt";"7,37"
"851";851;"ZW zaprawa wyrównawcza 25 kg";"12";"szt";"10,6"
"852";852;"Atlas Cerplast tynk podk³ 15 kg";"2";"szt";"0,01"
"853";853;"AT.G³adz gipsowa Fortis 20 kg";"27";"100 szt";"25,66"
"854";854;"Atlas Klej uelastyczny 25 kg";"16";"szt";"13,82"
"855";855;"Collage BEToFLEX \"P\" 5l";"30";"szt";"26,24"
"856";856;"Collage Œrodek grzybobójczy 1l";"8";"szt";"6,56"
"857";857;"Collage Œrodek grzybobójczy 5l";"22";"szt";"18,53"
"858";858;"Dyka Rura kan. PP 110 2000mm";"15";"szt";"12,72"
"859";859;"Dyka Trójnik PP 110x110/87";"7";"szt";"5,52"
"860";860;"Farba chloroka. bia³a 5l";"105";"szt";"86,29"
"861";861;"Farba Akrylit magnolia 5l";"95";"szt";"73,88"
"862";862;"Kastra okr¹g³a 65l";"18";"szt";"14,35"
"863";863;"KM Pêdzel p³aski 60";"7";"szt";"5,29"
"864";864;"£ata murarska z uchwytem i libe. 250cm";"95";"szt";"71,7"
"865";865;"£opata do wêgla";"20";"szt";"15,84"
"866";866;"Masa iniekcyjna Sabesto";"60";"szt";"55"
"867";867;"Midas Listwa do terakoty al. 6-00602-00-250";"10";"szt";"8,16"
"868";868;"Midas Listwa zakoñczeniowa Aspro 10 mm al. 6-00600-00-250";"9";"szt";"7,1"
"869";869;"Mieszad³o 80mm do farb";"7";"szt";"5,88"
"870";870;"M³otek murarski ber.600 g Fiberglas";"17";"szt";"14,45"
"871";871;"Nó¿ z ostrzem £amanym 18mm";"1,6";"szt";"1,07"
"872";872;"Paca styropianowa";"2,5";"szt";"1,89"
"873";873;"Paca ze stali nierdzewnej g³adka";"7";"szt";"4,79"
"874";874;"Pistolet Profesjonalny";"36";"szt";"31,27"
"875";875;"Rêkawice robocze -skóra";"2,5";"szt";"1,71"
"876";876;"Siatka z w³ókna szklanego";"1,6";"m2";"1,22"
"877";877;"Silikon uniwersalny 310ml";"8";"szt";"6,77"
"878";878;"Sznurek rolniczy";"8";"Rolka";"6,38"
"879";879;"Œn.Acryl Putz Finisz 1,5 kg";"5";"szt";"3,96"
"880";880;"Taœma lakiernicza 48x50m ¿ó³ta";"3,3";"szt";"2,79"
"881";881;"Teg. Ostrza ³amane 18mm";"1,6";"kpl";"1"
"882";882;"Teg. Ostrze ³amane 18mm/PERFEKT";"3";"kpl";"2,47"
"883";883;"Teg. Szpachla mal. nier. 120 mm";"8";"szt";"6,52"
"884";884;"Wa³ek malarski-poliakryl";"6";"szt";"4,32"
"885";885;"Wiadro gospodarcze pl. 12l";"3,5";"szt";"2,63"
"886";886;"Wyciskacz do mas silik.szkiel/9\"";"6";"szt";"4,34"
"887";887;"P³yta OSB 3 22/2,5x1,25 P+W";"79";"szt";"67,89"
"888";888;"P³yta Spano 22mm 2500x1250";"79";"szt";"54,66"
"889";889;"Folia Typ 200";"0,8";"m2";"0,36"
"890";890;"Wkrêt do p³yt gips.4,2x70 D";"15";"kg";"7,34"
"891";891;"P³yta Spano 22mm P+W /81,0 x 247,6";"40";"szt";"35,96"
"892";892;"Bravo Tynk Akrylowy Baranek 1,5 mm Bia³y";"3,85";"kg";"2,33"
"893";893;"Pigment CX";"50";"L";"26"
"894";894;"Wyprawa Kwarc-grunt7 kg";"30";"szt";"20,69"
"895";895;"Cement  II B-V 32,5 R";"8,95";"szt";"7,37"
"896";896;"Styropian Dach/pod³oga";"144";"m3";"119,63"
"897";897;"Wyprawa Kwarc - grunt 4 kg";"20,33";"szt";"12,71"
"898";898;"Paleta G-K zwrotna";"100";"szt";"97,13"
"899";899;"Papa V80 S42 wierzchniego krycia";"8,13";"m2";"5,8"
"900";900;"Dysperbent 20 kg";"47,5";"szt";"37,5"
"901";901;"Cement  II B-V 32,5 R";"9,75";"szt";"7,37"
"902";902;"Atlas Klej uelastyczny 25 kg";"26";"szt";"13,82"
"903";903;"Klej do styropianu 25 kg";"13,8";"szt";"8,8"
"904";904;"Nida tynk cem-wap lekki wew. 30 kg";"16";"szt";"7,41"
"905";905;"Siatka z w³ókna szklanego";"2";"m2";"1,22"
"906";906;"Grunt 5l";"15";"szt";"5"
"907";907;"Teg. Ostrze ³amane 18mm/PERFEKT";"3,65";"kpl";"2,47"
"908";908;"Taœma mal.Strong 48mm x 50m ¿ó³ta";"5,3";"szt";"2,8"
"909";909;"Zaprawa tynkarska 25 kg";"7,3";"szt";"4,91"
"910";910;"CW  50/3 M Profil œcienny Odwrotne Obci¹¿enie";"8";"szt";"5,57"
"911";911;"Zaprawa posadzkowa 25 kg";"8";"szt";"4,9"
"912";912;"Zaprawa tynkarska 25 kg";"7,3";"szt";"4,91"
"913";913;"Pianka wê¿. Niskoprê¿na 750 ml";"16,2";"szt";"10,46"
"914";914;"Pianka Pistoletowa niskoprê¿na 750 ml";"17,8";"szt";"10,27"
"915";915;"Zaprawa murarska 25 kg";"7,3";"szt";"4,79"
"916";916;"MP75 Lekki 30 kg";"19,5";"szt";"13,81"
"917";917;"P³yta Spano 12 mm 2500x1250";"47,15";"szt";"30,73"
"918";918;"Folia Fundamentowa";"4,07";"m2";"2,52"
"919";919;"Prêt gwin. ocyn. M12x1000";"5,69";"szt";"3,49"
"920";920;"MP75 Lekki 30 kg";"16,26";"szt";"13,81"
"921";921;"Masa Izalacyjna Den Bit-D rozpuszcz.bit.10 kg";"52";"szt";"42"
"922";922;"Zaprawa posadzkowa 25 kg";"6,5";"szt";"4,9"
"923";923;"Atlas Plus op 22,50 kg";"40";"szt";"36,89"
"924";924;"Atlas Gipsar uni 20 kg";"21,5";"szt";"18,96"
"925";925;"Cement  II B-V 32,5 R";"8,9";"szt";"7,37"
"926";926;"Siatka z w³ókna szklanego";"1,6";"m2";"1,22"
"927";927;"Atlas zaprawa gruntuj¹ca 5kg";"24,4";"szt";"20,44"
"928";928;"Taœma mal.Strong 38mm x 50m ¿ó³ta";"3,25";"szt";"2,18"
"929";929;"Folia malarska EX gruba4x5";"3,25";"szt";"1,98"
"930";930;"P³yta GKB  12,5/2,6";"5,6";"m2";"3,79"
"931";931;"GHB Klej Gipsowy KMK A 20";"14,65";"szt";"10,27"
"932";932;"Wyprawa Kwarc - grunt 4 kg";"18";"szt";"12,71"
"933";933;"KM Zapas 15 Moltopren mid";"1,5";"szt";"1,27"
"934";934;"Œn Supermal emal.olej.Br¹zowa 0,8l";"15";"szt";"9,98"
"935";935;"KM Pêdzel p³aski 50";"5,28";"szt";"3,7"
"936";936;"Lakier vidaron superlak 0,75 l";"19,5";"szt";"13,74"
"937";937;"klej do siatki Platinum 25 kg";"20,33";"szt";"13,5"
"938";938;"Klej do styropianu 25 kg";"13,82";"szt";"8,8"
"939";939;"Naro¿nik al z siatk¹  14,3 -2,5 m";"2,85";"szt.";"1,33"
"940";940;"Naro¿nik aluminiowy z siatka 3,0 m x 14,3 cm";"3,25";"szt";"1,6"
"941";941;"";"0";"";"0"
